score	FN	FP	Error_P
1	0.144144144144	0.0810810810811	4.80394059406
